-- phpMyAdmin SQL Dump
-- version 4.5.1
-- http://www.phpmyadmin.net
--
-- Host: 127.0.0.1
-- Generation Time: Dec 01, 2015 at 12:18 PM
-- Server version: 10.1.8-MariaDB
-- PHP Version: 5.6.14

SET SQL_MODE = "NO_AUTO_VALUE_ON_ZERO";
SET time_zone = "+00:00";


/*!40101 SET @OLD_CHARACTER_SET_CLIENT=@@CHARACTER_SET_CLIENT */;
/*!40101 SET @OLD_CHARACTER_SET_RESULTS=@@CHARACTER_SET_RESULTS */;
/*!40101 SET @OLD_COLLATION_CONNECTION=@@COLLATION_CONNECTION */;
/*!40101 SET NAMES utf8mb4 */;

--
-- Database: `icinema_db`
--

-- --------------------------------------------------------

--
-- Table structure for table `admins`
--

CREATE TABLE `admins` (
  `id` int(5) NOT NULL,
  `admin_name` varchar(50) NOT NULL,
  `first_name` varchar(50) NOT NULL,
  `last_name` varchar(50) NOT NULL,
  `password` varchar(50) NOT NULL
) ENGINE=InnoDB DEFAULT CHARSET=latin1;

--
-- Dumping data for table `admins`
--

INSERT INTO `admins` (`id`, `admin_name`, `first_name`, `last_name`, `password`) VALUES
(1, 'admin', 'Admin', 'User', '098f6bcd4621d373cade4e832627b4f6');

-- --------------------------------------------------------

--
-- Table structure for table `age_restrictions`
--

CREATE TABLE `age_restrictions` (
  `id` int(50) NOT NULL,
  `age` varchar(50) NOT NULL
) ENGINE=InnoDB DEFAULT CHARSET=latin1;

--
-- Dumping data for table `age_restrictions`
--

INSERT INTO `age_restrictions` (`id`, `age`) VALUES
(1, 'Uc'),
(2, 'U'),
(3, 'PG'),
(4, '12A'),
(5, '12'),
(6, '15'),
(7, '18'),
(8, 'R18');

-- --------------------------------------------------------

--
-- Table structure for table `countries`
--

CREATE TABLE `countries` (
  `id` int(50) NOT NULL,
  `name` varchar(50) NOT NULL
) ENGINE=InnoDB DEFAULT CHARSET=latin1;

--
-- Dumping data for table `countries`
--

INSERT INTO `countries` (`id`, `name`) VALUES
(1, 'Australia'),
(2, 'Canada'),
(3, 'China'),
(4, 'Czech Republic'),
(5, 'France'),
(6, 'Germany'),
(7, 'India'),
(8, 'Italy'),
(9, 'Japan'),
(10, 'Mexico'),
(11, 'Pakistan'),
(12, 'Poland'),
(13, 'Portugal'),
(14, 'Romania'),
(15, 'Russia'),
(16, 'Spain'),
(17, 'Thailand'),
(18, 'United Kingdom');

-- --------------------------------------------------------

--
-- Table structure for table `genre`
--

CREATE TABLE `genre` (
  `id` int(50) NOT NULL,
  `genre` varchar(50) NOT NULL
) ENGINE=InnoDB DEFAULT CHARSET=latin1;

--
-- Dumping data for table `genre`
--

INSERT INTO `genre` (`id`, `genre`) VALUES
(1, 'Action'),
(2, 'Adventure'),
(3, 'Animation'),
(4, 'Biography'),
(5, 'Comedy'),
(6, 'Action'),
(7, 'Adventure'),
(8, 'Animation'),
(9, 'Biography'),
(10, 'Comedy'),
(11, 'Crime'),
(12, 'Documentary'),
(13, 'Drama'),
(14, 'Family'),
(15, 'Fantasy'),
(16, 'History'),
(17, 'Horror'),
(18, 'Musical'),
(19, 'Mystery'),
(20, 'Romance'),
(21, 'Sci-Fi'),
(22, 'Sport'),
(23, 'Thriller'),
(24, 'War'),
(25, 'Western');

-- --------------------------------------------------------

--
-- Table structure for table `home`
--

CREATE TABLE `home` (
  `id` int(5) NOT NULL,
  `carousel_image_one` text NOT NULL,
  `carousel_image_two` text NOT NULL,
  `carousel_image_three` text NOT NULL,
  `panel_one_section_one_image` text NOT NULL,
  `panel_one_section_one_title` varchar(250) NOT NULL,
  `panel_one_section_one_desc` text NOT NULL,
  `panel_one_section_two_image` text NOT NULL,
  `panel_one_section_two_title` varchar(250) NOT NULL,
  `panel_one_section_two_desc` text NOT NULL,
  `panel_one_section_three_image` text NOT NULL,
  `panel_one_section_three_title` varchar(250) NOT NULL,
  `panel_one_section_three_desc` text NOT NULL
) ENGINE=InnoDB DEFAULT CHARSET=latin1;

--
-- Dumping data for table `home`
--

INSERT INTO `home` (`id`, `carousel_image_one`, `carousel_image_two`, `carousel_image_three`, `panel_one_section_one_image`, `panel_one_section_one_title`, `panel_one_section_one_desc`, `panel_one_section_two_image`, `panel_one_section_two_title`, `panel_one_section_two_desc`, `panel_one_section_three_image`, `panel_one_section_three_title`, `panel_one_section_three_desc`) VALUES
(1, 'oblivion-movie.jpg', 'frozen-movie.jpg', 'man-of-steel-movie.jpg', 'oblivion-movie.jpg', 'Heading', 'Donec sed odio dui. Etiam porta sem malesuada magna mollis euismod. Nullam id dolor id nibh ultricies vehicula ut id elit.', 'frozen-movie.jpg', 'Heading', 'Donec sed odio dui. Etiam porta sem malesuada magna mollis euismod. Nullam id dolor id nibh ultricies vehicula ut id elit.', 'man-of-steel-movie.jpg', 'Heading', 'Donec sed odio dui. Etiam porta sem malesuada magna mollis euismod. Nullam id dolor id nibh ultricies vehicula ut id elit.');

-- --------------------------------------------------------

--
-- Table structure for table `movies`
--

CREATE TABLE `movies` (
  `id` int(50) NOT NULL,
  `title` varchar(250) NOT NULL,
  `duration` varchar(50) NOT NULL,
  `country` varchar(50) NOT NULL,
  `genre` varchar(50) NOT NULL,
  `release_date` date NOT NULL,
  `director` varchar(50) NOT NULL,
  `actors` text NOT NULL,
  `age_restrictions` int(50) NOT NULL,
  `copies` int(5) NOT NULL,
  `start_date_on_cinema` date NOT NULL,
  `end_date_on_cinema` date NOT NULL,
  `on_cinema_exhibition` varchar(5) NOT NULL,
  `out_cinema_exhibition` varchar(5) NOT NULL,
  `date` date NOT NULL
) ENGINE=InnoDB DEFAULT CHARSET=latin1;

--
-- Dumping data for table `movies`
--

INSERT INTO `movies` (`id`, `title`, `duration`, `country`, `genre`, `release_date`, `director`, `actors`, `age_restrictions`, `copies`, `start_date_on_cinema`, `end_date_on_cinema`, `on_cinema_exhibition`, `out_cinema_exhibition`, `date`) VALUES
(1, 'SPECTRE', '148 minutes', 'United States', 'Action', '2015-10-26', 'Sam Mendes', 'Daniel Craig, Ralph Fiennes, Christoph Waltz, Lea Seydoux, Monica Bellucci, Dave Bautista, Ben Whishaw, Naomie Harris, Andrew Scott', 12, 0, '2015-10-30', '2015-12-31', 'yes', 'no', '2015-10-26');

-- --------------------------------------------------------

--
-- Table structure for table `movie_variations`
--

CREATE TABLE `movie_variations` (
  `id` int(50) NOT NULL,
  `title` varchar(250) NOT NULL,
  `movies_id` int(11) NOT NULL,
  `movies_title` varchar(250) NOT NULL,
  `rooms_id` int(11) NOT NULL,
  `rooms_name` varchar(50) NOT NULL,
  `session_one_id` int(50) NOT NULL,
  `session_one_time` varchar(50) NOT NULL,
  `session_two_id` int(50) NOT NULL,
  `session_two_time` varchar(50) NOT NULL,
  `session_three_id` int(50) NOT NULL,
  `session_three_time` varchar(50) NOT NULL,
  `date` date NOT NULL
) ENGINE=InnoDB DEFAULT CHARSET=latin1;

--
-- Dumping data for table `movie_variations`
--

INSERT INTO `movie_variations` (`id`, `title`, `movies_id`, `movies_title`, `rooms_id`, `rooms_name`, `session_one_id`, `session_one_time`, `session_two_id`, `session_two_time`, `session_three_id`, `session_three_time`, `date`) VALUES
(1, 'SPECTRE Copy One', 1, 'SPECTRE', 1, 'iMax', 1, '13:45', 3, '17:45', 5, '21:45', '2015-11-29');

-- --------------------------------------------------------

--
-- Table structure for table `rooms`
--

CREATE TABLE `rooms` (
  `id` int(50) NOT NULL,
  `name` varchar(50) NOT NULL,
  `num_seats` int(50) NOT NULL
) ENGINE=InnoDB DEFAULT CHARSET=latin1;

--
-- Dumping data for table `rooms`
--

INSERT INTO `rooms` (`id`, `name`, `num_seats`) VALUES
(1, 'iMax', 166),
(2, 'Room 3D One', 166),
(3, 'Room 3D Two', 166),
(4, 'Room 2D', 166);

-- --------------------------------------------------------

--
-- Table structure for table `rooms_has_sessions`
--

CREATE TABLE `rooms_has_sessions` (
  `id` int(50) NOT NULL,
  `rooms_id` int(50) NOT NULL,
  `rooms_name` varchar(50) NOT NULL,
  `sessions_id` int(50) NOT NULL,
  `sessions_time` varchar(50) NOT NULL
) ENGINE=InnoDB DEFAULT CHARSET=latin1;

--
-- Dumping data for table `rooms_has_sessions`
--

INSERT INTO `rooms_has_sessions` (`id`, `rooms_id`, `rooms_name`, `sessions_id`, `sessions_time`) VALUES
(1, 1, 'iMax', 1, '13:45'),
(2, 1, 'iMax', 2, '15:40'),
(3, 1, 'iMax', 3, '17:45'),
(4, 1, 'iMax', 4, '19:40'),
(5, 1, 'iMax', 5, '21:45'),
(6, 1, 'iMax', 6, '23:40'),
(7, 2, 'Room 3D One', 1, '13:45'),
(8, 2, 'Room 3D One', 2, '15:40'),
(9, 2, 'Room 3D One', 3, '17:45'),
(10, 2, 'Room 3D One', 4, '19:40'),
(11, 2, 'Room 3D One', 5, '21:45'),
(12, 2, 'Room 3D One', 6, '23:40'),
(13, 3, 'Room 3D Two', 1, '13:45'),
(14, 3, 'Room 3D Two', 2, '15:40'),
(15, 3, 'Room 3D Two', 3, '17:45'),
(16, 3, 'Room 3D Two', 4, '19:40'),
(17, 3, 'Room 3D Two', 5, '21:45'),
(18, 3, 'Room 3D Two', 6, '23:40'),
(19, 4, 'Room 2D', 1, '13:45'),
(20, 4, 'Room 2D', 2, '15:40'),
(21, 4, 'Room 2D', 3, '17:45'),
(22, 4, 'Room 2D', 4, '19:40'),
(23, 4, 'Room 2D', 5, '21:45'),
(24, 4, 'Room 2D', 6, '23:40');

-- --------------------------------------------------------

--
-- Table structure for table `seats`
--

CREATE TABLE `seats` (
  `id` int(50) NOT NULL,
  `seat_location` varchar(50) NOT NULL
) ENGINE=InnoDB DEFAULT CHARSET=latin1;

--
-- Dumping data for table `seats`
--

INSERT INTO `seats` (`id`, `seat_location`) VALUES
(1, 'A2'),
(2, 'A3'),
(3, 'A4'),
(4, 'A5'),
(5, 'A6'),
(6, 'A7'),
(7, 'A8'),
(8, 'A9'),
(9, 'A10'),
(10, 'A11'),
(11, 'A12'),
(12, 'A13'),
(13, 'A14'),
(14, 'A15'),
(15, 'A16'),
(16, 'A17'),
(17, 'B1'),
(18, 'B2'),
(19, 'B3'),
(20, 'B4'),
(21, 'B5'),
(22, 'B6'),
(23, 'B7'),
(24, 'B8'),
(25, 'B9'),
(26, 'B10'),
(27, 'B11'),
(28, 'B12'),
(29, 'B13'),
(30, 'B14'),
(31, 'B15'),
(32, 'B16'),
(33, 'B17'),
(34, 'B18'),
(35, 'C1'),
(36, 'C2'),
(37, 'C3'),
(38, 'C4'),
(39, 'C5'),
(40, 'C6'),
(41, 'C7'),
(42, 'C8'),
(43, 'C9'),
(44, 'C10'),
(45, 'C11'),
(46, 'C12'),
(47, 'C13'),
(48, 'C14'),
(49, 'C15'),
(50, 'C16'),
(51, 'C17'),
(52, 'C18'),
(53, 'D1'),
(54, 'D2'),
(55, 'D3'),
(56, 'D4'),
(57, 'D5'),
(58, 'D6'),
(59, 'D7'),
(60, 'D8'),
(61, 'D9'),
(62, 'D10'),
(63, 'D11'),
(64, 'D12'),
(65, 'D13'),
(66, 'D14'),
(67, 'D15'),
(68, 'D16'),
(69, 'D17'),
(70, 'D18'),
(71, 'E1'),
(72, 'E2'),
(73, 'E3'),
(74, 'E4'),
(75, 'E5'),
(76, 'E6'),
(77, 'E7'),
(78, 'E8'),
(79, 'E9'),
(80, 'E10'),
(81, 'E11'),
(82, 'E12'),
(83, 'E13'),
(84, 'E14'),
(85, 'E15'),
(86, 'E16'),
(87, 'E17'),
(88, 'E18'),
(89, 'F1'),
(90, 'F2'),
(91, 'F3'),
(92, 'F4'),
(93, 'F5'),
(94, 'F6'),
(95, 'F7'),
(96, 'F8'),
(97, 'F9'),
(98, 'F10'),
(99, 'F11'),
(100, 'F12'),
(101, 'F13'),
(102, 'F14'),
(103, 'F15'),
(104, 'F16'),
(105, 'F17'),
(106, 'F18'),
(107, 'G1'),
(108, 'G2'),
(109, 'G3'),
(110, 'G4'),
(111, 'G5'),
(112, 'G6'),
(113, 'G7'),
(114, 'G8'),
(115, 'G9'),
(116, 'G10'),
(117, 'G11'),
(118, 'G12'),
(119, 'G13'),
(120, 'G14'),
(121, 'G15'),
(122, 'G16'),
(123, 'G17'),
(124, 'G18'),
(125, 'H3'),
(126, 'H4'),
(127, 'H5'),
(128, 'H6'),
(129, 'H7'),
(130, 'H8'),
(131, 'H9'),
(132, 'H10'),
(133, 'H11'),
(134, 'H12'),
(135, 'H13'),
(136, 'H14'),
(137, 'H15'),
(138, 'H16'),
(139, 'I5'),
(140, 'I6'),
(141, 'I7'),
(142, 'I8'),
(143, 'I9'),
(144, 'I10'),
(145, 'I11'),
(146, 'I12'),
(147, 'I13'),
(148, 'I14'),
(149, 'J5'),
(150, 'J6'),
(151, 'J7'),
(152, 'J8'),
(153, 'J9'),
(154, 'J10'),
(155, 'J11'),
(156, 'J12'),
(157, 'J13'),
(158, 'J14'),
(159, 'K6'),
(160, 'K7'),
(161, 'K8'),
(162, 'K9'),
(163, 'K10'),
(164, 'K11'),
(165, 'K12'),
(166, 'K13'),
(167, 'A2'),
(168, 'A3'),
(169, 'A4'),
(170, 'A5'),
(171, 'A6'),
(172, 'A7'),
(173, 'A8'),
(174, 'A9'),
(175, 'A10'),
(176, 'A11'),
(177, 'A12'),
(178, 'A13'),
(179, 'A14'),
(180, 'A15'),
(181, 'A16'),
(182, 'A17'),
(183, 'B1'),
(184, 'B2'),
(185, 'B3'),
(186, 'B4'),
(187, 'B5'),
(188, 'B6'),
(189, 'B7'),
(190, 'B8'),
(191, 'B9'),
(192, 'B10'),
(193, 'B11'),
(194, 'B12'),
(195, 'B13'),
(196, 'B14'),
(197, 'B15'),
(198, 'B16'),
(199, 'B17'),
(200, 'B18'),
(201, 'C1'),
(202, 'C2'),
(203, 'C3'),
(204, 'C4'),
(205, 'C5'),
(206, 'C6'),
(207, 'C7'),
(208, 'C8'),
(209, 'C9'),
(210, 'C10'),
(211, 'C11'),
(212, 'C12'),
(213, 'C13'),
(214, 'C14'),
(215, 'C15'),
(216, 'C16'),
(217, 'C17'),
(218, 'C18'),
(219, 'D1'),
(220, 'D2'),
(221, 'D3'),
(222, 'D4'),
(223, 'D5'),
(224, 'D6'),
(225, 'D7'),
(226, 'D8'),
(227, 'D9'),
(228, 'D10'),
(229, 'D11'),
(230, 'D12'),
(231, 'D13'),
(232, 'D14'),
(233, 'D15'),
(234, 'D16'),
(235, 'D17'),
(236, 'D18'),
(237, 'E1'),
(238, 'E2'),
(239, 'E3'),
(240, 'E4'),
(241, 'E5'),
(242, 'E6'),
(243, 'E7'),
(244, 'E8'),
(245, 'E9'),
(246, 'E10'),
(247, 'E11'),
(248, 'E12'),
(249, 'E13'),
(250, 'E14'),
(251, 'E15'),
(252, 'E16'),
(253, 'E17'),
(254, 'E18'),
(255, 'F1'),
(256, 'F2'),
(257, 'F3'),
(258, 'F4'),
(259, 'F5'),
(260, 'F6'),
(261, 'F7'),
(262, 'F8'),
(263, 'F9'),
(264, 'F10'),
(265, 'F11'),
(266, 'F12'),
(267, 'F13'),
(268, 'F14'),
(269, 'F15'),
(270, 'F16'),
(271, 'F17'),
(272, 'F18'),
(273, 'G1'),
(274, 'G2'),
(275, 'G3'),
(276, 'G4'),
(277, 'G5'),
(278, 'G6'),
(279, 'G7'),
(280, 'G8'),
(281, 'G9'),
(282, 'G10'),
(283, 'G11'),
(284, 'G12'),
(285, 'G13'),
(286, 'G14'),
(287, 'G15'),
(288, 'G16'),
(289, 'G17'),
(290, 'G18'),
(291, 'H3'),
(292, 'H4'),
(293, 'H5'),
(294, 'H6'),
(295, 'H7'),
(296, 'H8'),
(297, 'H9'),
(298, 'H10'),
(299, 'H11'),
(300, 'H12'),
(301, 'H13'),
(302, 'H14'),
(303, 'H15'),
(304, 'H16'),
(305, 'I5'),
(306, 'I6'),
(307, 'I7'),
(308, 'I8'),
(309, 'I9'),
(310, 'I10'),
(311, 'I11'),
(312, 'I12'),
(313, 'I13'),
(314, 'I14'),
(315, 'J5'),
(316, 'J6'),
(317, 'J7'),
(318, 'J8'),
(319, 'J9'),
(320, 'J10'),
(321, 'J11'),
(322, 'J12'),
(323, 'J13'),
(324, 'J14'),
(325, 'K6'),
(326, 'K7'),
(327, 'K8'),
(328, 'K9'),
(329, 'K10'),
(330, 'K11'),
(331, 'K12'),
(332, 'K13'),
(333, 'A2'),
(334, 'A3'),
(335, 'A4'),
(336, 'A5'),
(337, 'A6'),
(338, 'A7'),
(339, 'A8'),
(340, 'A9'),
(341, 'A10'),
(342, 'A11'),
(343, 'A12'),
(344, 'A13'),
(345, 'A14'),
(346, 'A15'),
(347, 'A16'),
(348, 'A17'),
(349, 'B1'),
(350, 'B2'),
(351, 'B3'),
(352, 'B4'),
(353, 'B5'),
(354, 'B6'),
(355, 'B7'),
(356, 'B8'),
(357, 'B9'),
(358, 'B10'),
(359, 'B11'),
(360, 'B12'),
(361, 'B13'),
(362, 'B14'),
(363, 'B15'),
(364, 'B16'),
(365, 'B17'),
(366, 'B18'),
(367, 'C1'),
(368, 'C2'),
(369, 'C3'),
(370, 'C4'),
(371, 'C5'),
(372, 'C6'),
(373, 'C7'),
(374, 'C8'),
(375, 'C9'),
(376, 'C10'),
(377, 'C11'),
(378, 'C12'),
(379, 'C13'),
(380, 'C14'),
(381, 'C15'),
(382, 'C16'),
(383, 'C17'),
(384, 'C18'),
(385, 'D1'),
(386, 'D2'),
(387, 'D3'),
(388, 'D4'),
(389, 'D5'),
(390, 'D6'),
(391, 'D7'),
(392, 'D8'),
(393, 'D9'),
(394, 'D10'),
(395, 'D11'),
(396, 'D12'),
(397, 'D13'),
(398, 'D14'),
(399, 'D15'),
(400, 'D16'),
(401, 'D17'),
(402, 'D18'),
(403, 'E1'),
(404, 'E2'),
(405, 'E3'),
(406, 'E4'),
(407, 'E5'),
(408, 'E6'),
(409, 'E7'),
(410, 'E8'),
(411, 'E9'),
(412, 'E10'),
(413, 'E11'),
(414, 'E12'),
(415, 'E13'),
(416, 'E14'),
(417, 'E15'),
(418, 'E16'),
(419, 'E17'),
(420, 'E18'),
(421, 'F1'),
(422, 'F2'),
(423, 'F3'),
(424, 'F4'),
(425, 'F5'),
(426, 'F6'),
(427, 'F7'),
(428, 'F8'),
(429, 'F9'),
(430, 'F10'),
(431, 'F11'),
(432, 'F12'),
(433, 'F13'),
(434, 'F14'),
(435, 'F15'),
(436, 'F16'),
(437, 'F17'),
(438, 'F18'),
(439, 'G1'),
(440, 'G2'),
(441, 'G3'),
(442, 'G4'),
(443, 'G5'),
(444, 'G6'),
(445, 'G7'),
(446, 'G8'),
(447, 'G9'),
(448, 'G10'),
(449, 'G11'),
(450, 'G12'),
(451, 'G13'),
(452, 'G14'),
(453, 'G15'),
(454, 'G16'),
(455, 'G17'),
(456, 'G18'),
(457, 'H3'),
(458, 'H4'),
(459, 'H5'),
(460, 'H6'),
(461, 'H7'),
(462, 'H8'),
(463, 'H9'),
(464, 'H10'),
(465, 'H11'),
(466, 'H12'),
(467, 'H13'),
(468, 'H14'),
(469, 'H15'),
(470, 'H16'),
(471, 'I5'),
(472, 'I6'),
(473, 'I7'),
(474, 'I8'),
(475, 'I9'),
(476, 'I10'),
(477, 'I11'),
(478, 'I12'),
(479, 'I13'),
(480, 'I14'),
(481, 'J5'),
(482, 'J6'),
(483, 'J7'),
(484, 'J8'),
(485, 'J9'),
(486, 'J10'),
(487, 'J11'),
(488, 'J12'),
(489, 'J13'),
(490, 'J14'),
(491, 'K6'),
(492, 'K7'),
(493, 'K8'),
(494, 'K9'),
(495, 'K10'),
(496, 'K11'),
(497, 'K12'),
(498, 'K13'),
(499, 'A2'),
(500, 'A3'),
(501, 'A4'),
(502, 'A5'),
(503, 'A6'),
(504, 'A7'),
(505, 'A8'),
(506, 'A9'),
(507, 'A10'),
(508, 'A11'),
(509, 'A12'),
(510, 'A13'),
(511, 'A14'),
(512, 'A15'),
(513, 'A16'),
(514, 'A17'),
(515, 'B1'),
(516, 'B2'),
(517, 'B3'),
(518, 'B4'),
(519, 'B5'),
(520, 'B6'),
(521, 'B7'),
(522, 'B8'),
(523, 'B9'),
(524, 'B10'),
(525, 'B11'),
(526, 'B12'),
(527, 'B13'),
(528, 'B14'),
(529, 'B15'),
(530, 'B16'),
(531, 'B17'),
(532, 'B18'),
(533, 'C1'),
(534, 'C2'),
(535, 'C3'),
(536, 'C4'),
(537, 'C5'),
(538, 'C6'),
(539, 'C7'),
(540, 'C8'),
(541, 'C9'),
(542, 'C10'),
(543, 'C11'),
(544, 'C12'),
(545, 'C13'),
(546, 'C14'),
(547, 'C15'),
(548, 'C16'),
(549, 'C17'),
(550, 'C18'),
(551, 'D1'),
(552, 'D2'),
(553, 'D3'),
(554, 'D4'),
(555, 'D5'),
(556, 'D6'),
(557, 'D7'),
(558, 'D8'),
(559, 'D9'),
(560, 'D10'),
(561, 'D11'),
(562, 'D12'),
(563, 'D13'),
(564, 'D14'),
(565, 'D15'),
(566, 'D16'),
(567, 'D17'),
(568, 'D18'),
(569, 'E1'),
(570, 'E2'),
(571, 'E3'),
(572, 'E4'),
(573, 'E5'),
(574, 'E6'),
(575, 'E7'),
(576, 'E8'),
(577, 'E9'),
(578, 'E10'),
(579, 'E11'),
(580, 'E12'),
(581, 'E13'),
(582, 'E14'),
(583, 'E15'),
(584, 'E16'),
(585, 'E17'),
(586, 'E18'),
(587, 'F1'),
(588, 'F2'),
(589, 'F3'),
(590, 'F4'),
(591, 'F5'),
(592, 'F6'),
(593, 'F7'),
(594, 'F8'),
(595, 'F9'),
(596, 'F10'),
(597, 'F11'),
(598, 'F12'),
(599, 'F13'),
(600, 'F14'),
(601, 'F15'),
(602, 'F16'),
(603, 'F17'),
(604, 'F18'),
(605, 'G1'),
(606, 'G2'),
(607, 'G3'),
(608, 'G4'),
(609, 'G5'),
(610, 'G6'),
(611, 'G7'),
(612, 'G8'),
(613, 'G9'),
(614, 'G10'),
(615, 'G11'),
(616, 'G12'),
(617, 'G13'),
(618, 'G14'),
(619, 'G15'),
(620, 'G16'),
(621, 'G17'),
(622, 'G18'),
(623, 'H3'),
(624, 'H4'),
(625, 'H5'),
(626, 'H6'),
(627, 'H7'),
(628, 'H8'),
(629, 'H9'),
(630, 'H10'),
(631, 'H11'),
(632, 'H12'),
(633, 'H13'),
(634, 'H14'),
(635, 'H15'),
(636, 'H16'),
(637, 'I5'),
(638, 'I6'),
(639, 'I7'),
(640, 'I8'),
(641, 'I9'),
(642, 'I10'),
(643, 'I11'),
(644, 'I12'),
(645, 'I13'),
(646, 'I14'),
(647, 'J5'),
(648, 'J6'),
(649, 'J7'),
(650, 'J8'),
(651, 'J9'),
(652, 'J10'),
(653, 'J11'),
(654, 'J12'),
(655, 'J13'),
(656, 'J14'),
(657, 'K6'),
(658, 'K7'),
(659, 'K8'),
(660, 'K9'),
(661, 'K10'),
(662, 'K11'),
(663, 'K12'),
(664, 'K13');

-- --------------------------------------------------------

--
-- Table structure for table `sessions`
--

CREATE TABLE `sessions` (
  `id` int(50) NOT NULL,
  `time` varchar(50) NOT NULL
) ENGINE=InnoDB DEFAULT CHARSET=latin1;

--
-- Dumping data for table `sessions`
--

INSERT INTO `sessions` (`id`, `time`) VALUES
(1, '13:45'),
(2, '15:40'),
(3, '17:45'),
(4, '19:40'),
(5, '21:45'),
(6, '23:40');

-- --------------------------------------------------------

--
-- Table structure for table `sessions_has_seats`
--

CREATE TABLE `sessions_has_seats` (
  `id` int(50) NOT NULL,
  `sessions_id` int(50) NOT NULL,
  `sessions_time` varchar(50) NOT NULL,
  `seats_id` int(50) NOT NULL,
  `seats_location` varchar(50) NOT NULL,
  `booked` varchar(5) NOT NULL
) ENGINE=InnoDB DEFAULT CHARSET=latin1;

--
-- Dumping data for table `sessions_has_seats`
--

INSERT INTO `sessions_has_seats` (`id`, `sessions_id`, `sessions_time`, `seats_id`, `seats_location`, `booked`) VALUES
(1, 1, '13:45', 1, 'A2', 'no'),
(2, 1, '13:45', 2, 'A3', 'no'),
(3, 1, '13:45', 3, 'A4', 'no'),
(4, 1, '13:45', 4, 'A5', 'no'),
(5, 1, '13:45', 5, 'A6', 'no'),
(6, 1, '13:45', 6, 'A7', 'no'),
(7, 1, '13:45', 7, 'A8', 'no'),
(8, 1, '13:45', 8, 'A9', 'no'),
(9, 1, '13:45', 9, 'A10', 'no'),
(10, 1, '13:45', 10, 'A11', 'no'),
(11, 1, '13:45', 11, 'A12', 'no'),
(12, 1, '13:45', 12, 'A13', 'no'),
(13, 1, '13:45', 13, 'A14', 'no'),
(14, 1, '13:45', 14, 'A15', 'no'),
(15, 1, '13:45', 15, 'A16', 'no'),
(16, 1, '13:45', 16, 'A17', 'no'),
(17, 1, '13:45', 17, 'B1', 'no'),
(18, 1, '13:45', 18, 'B2', 'no'),
(19, 1, '13:45', 19, 'B3', 'no'),
(20, 1, '13:45', 20, 'B4', 'no'),
(21, 1, '13:45', 21, 'B5', 'no'),
(22, 1, '13:45', 22, 'B6', 'no'),
(23, 1, '13:45', 23, 'B7', 'no'),
(24, 1, '13:45', 24, 'B8', 'no'),
(25, 1, '13:45', 25, 'B9', 'no'),
(26, 1, '13:45', 26, 'B10', 'no'),
(27, 1, '13:45', 27, 'B11', 'no'),
(28, 1, '13:45', 28, 'B12', 'no'),
(29, 1, '13:45', 29, 'B13', 'no'),
(30, 1, '13:45', 30, 'B14', 'no'),
(31, 1, '13:45', 31, 'B15', 'no'),
(32, 1, '13:45', 32, 'B16', 'no'),
(33, 1, '13:45', 33, 'B17', 'no'),
(34, 1, '13:45', 34, 'B18', 'no'),
(35, 1, '13:45', 35, 'C1', 'no'),
(36, 1, '13:45', 36, 'C2', 'no'),
(37, 1, '13:45', 37, 'C3', 'no'),
(38, 1, '13:45', 38, 'C4', 'no'),
(39, 1, '13:45', 39, 'C5', 'no'),
(40, 1, '13:45', 40, 'C6', 'no'),
(41, 1, '13:45', 41, 'C7', 'no'),
(42, 1, '13:45', 42, 'C8', 'no'),
(43, 1, '13:45', 43, 'C9', 'no'),
(44, 1, '13:45', 44, 'C10', 'no'),
(45, 1, '13:45', 45, 'C11', 'no'),
(46, 1, '13:45', 46, 'C12', 'no'),
(47, 1, '13:45', 47, 'C13', 'no'),
(48, 1, '13:45', 48, 'C14', 'no'),
(49, 1, '13:45', 49, 'C15', 'no'),
(50, 1, '13:45', 50, 'C16', 'no'),
(51, 1, '13:45', 51, 'C17', 'no'),
(52, 1, '13:45', 52, 'C18', 'no'),
(53, 1, '13:45', 53, 'D1', 'no'),
(54, 1, '13:45', 54, 'D2', 'no'),
(55, 1, '13:45', 55, 'D3', 'no'),
(56, 1, '13:45', 56, 'D4', 'no'),
(57, 1, '13:45', 57, 'D5', 'no'),
(58, 1, '13:45', 58, 'D6', 'no'),
(59, 1, '13:45', 59, 'D7', 'no'),
(60, 1, '13:45', 60, 'D8', 'no'),
(61, 1, '13:45', 61, 'D9', 'no'),
(62, 1, '13:45', 62, 'D10', 'no'),
(63, 1, '13:45', 63, 'D11', 'no'),
(64, 1, '13:45', 64, 'D12', 'no'),
(65, 1, '13:45', 65, 'D13', 'no'),
(66, 1, '13:45', 66, 'D14', 'no'),
(67, 1, '13:45', 67, 'D15', 'no'),
(68, 1, '13:45', 68, 'D16', 'no'),
(69, 1, '13:45', 69, 'D17', 'no'),
(70, 1, '13:45', 70, 'D18', 'no'),
(71, 1, '13:45', 71, 'E1', 'no'),
(72, 1, '13:45', 72, 'E2', 'no'),
(73, 1, '13:45', 73, 'E3', 'no'),
(74, 1, '13:45', 74, 'E4', 'no'),
(75, 1, '13:45', 75, 'E5', 'no'),
(76, 1, '13:45', 76, 'E6', 'no'),
(77, 1, '13:45', 77, 'E7', 'no'),
(78, 1, '13:45', 78, 'E8', 'no'),
(79, 1, '13:45', 79, 'E9', 'no'),
(80, 1, '13:45', 80, 'E10', 'no'),
(81, 1, '13:45', 81, 'E11', 'no'),
(82, 1, '13:45', 82, 'E12', 'no'),
(83, 1, '13:45', 83, 'E13', 'no'),
(84, 1, '13:45', 84, 'E14', 'no'),
(85, 1, '13:45', 85, 'E15', 'no'),
(86, 1, '13:45', 86, 'E16', 'no'),
(87, 1, '13:45', 87, 'E17', 'no'),
(88, 1, '13:45', 88, 'E18', 'no'),
(89, 1, '13:45', 89, 'F1', 'no'),
(90, 1, '13:45', 90, 'F2', 'no'),
(91, 1, '13:45', 91, 'F3', 'no'),
(92, 1, '13:45', 92, 'F4', 'no'),
(93, 1, '13:45', 93, 'F5', 'no'),
(94, 1, '13:45', 94, 'F6', 'no'),
(95, 1, '13:45', 95, 'F7', 'no'),
(96, 1, '13:45', 96, 'F8', 'no'),
(97, 1, '13:45', 97, 'F9', 'no'),
(98, 1, '13:45', 98, 'F10', 'no'),
(99, 1, '13:45', 99, 'F11', 'no'),
(100, 1, '13:45', 100, 'F12', 'no'),
(101, 1, '13:45', 101, 'F13', 'no'),
(102, 1, '13:45', 102, 'F14', 'no'),
(103, 1, '13:45', 103, 'F15', 'no'),
(104, 1, '13:45', 104, 'F16', 'no'),
(105, 1, '13:45', 105, 'F17', 'no'),
(106, 1, '13:45', 106, 'F18', 'no'),
(107, 1, '13:45', 107, 'G1', 'no'),
(108, 1, '13:45', 108, 'G2', 'no'),
(109, 1, '13:45', 109, 'G3', 'no'),
(110, 1, '13:45', 110, 'G4', 'no'),
(111, 1, '13:45', 111, 'G5', 'no'),
(112, 1, '13:45', 112, 'G6', 'no'),
(113, 1, '13:45', 113, 'G7', 'no'),
(114, 1, '13:45', 114, 'G8', 'no'),
(115, 1, '13:45', 115, 'G9', 'no'),
(116, 1, '13:45', 116, 'G10', 'no'),
(117, 1, '13:45', 117, 'G11', 'no'),
(118, 1, '13:45', 118, 'G12', 'no'),
(119, 1, '13:45', 119, 'G13', 'no'),
(120, 1, '13:45', 120, 'G14', 'no'),
(121, 1, '13:45', 121, 'G15', 'no'),
(122, 1, '13:45', 122, 'G16', 'no'),
(123, 1, '13:45', 123, 'G17', 'no'),
(124, 1, '13:45', 124, 'G18', 'no'),
(125, 1, '13:45', 125, 'H3', 'no'),
(126, 1, '13:45', 126, 'H4', 'no'),
(127, 1, '13:45', 127, 'H5', 'no'),
(128, 1, '13:45', 128, 'H6', 'no'),
(129, 1, '13:45', 129, 'H7', 'no'),
(130, 1, '13:45', 130, 'H8', 'no'),
(131, 1, '13:45', 131, 'H9', 'no'),
(132, 1, '13:45', 132, 'H10', 'no'),
(133, 1, '13:45', 133, 'H11', 'no'),
(134, 1, '13:45', 134, 'H12', 'no'),
(135, 1, '13:45', 135, 'H13', 'no'),
(136, 1, '13:45', 136, 'H14', 'no'),
(137, 1, '13:45', 137, 'H15', 'no'),
(138, 1, '13:45', 138, 'H16', 'no'),
(139, 1, '13:45', 139, 'I5', 'no'),
(140, 1, '13:45', 140, 'I6', 'no'),
(141, 1, '13:45', 141, 'I7', 'no'),
(142, 1, '13:45', 142, 'I8', 'no'),
(143, 1, '13:45', 143, 'I9', 'no'),
(144, 1, '13:45', 144, 'I10', 'no'),
(145, 1, '13:45', 145, 'I11', 'no'),
(146, 1, '13:45', 146, 'I12', 'no'),
(147, 1, '13:45', 147, 'I13', 'no'),
(148, 1, '13:45', 148, 'I14', 'no'),
(149, 1, '13:45', 149, 'J5', 'no'),
(150, 1, '13:45', 150, 'J6', 'no'),
(151, 1, '13:45', 151, 'J7', 'no'),
(152, 1, '13:45', 152, 'J8', 'no'),
(153, 1, '13:45', 153, 'J9', 'no'),
(154, 1, '13:45', 154, 'J10', 'no'),
(155, 1, '13:45', 155, 'J11', 'no'),
(156, 1, '13:45', 156, 'J12', 'no'),
(157, 1, '13:45', 157, 'J13', 'no'),
(158, 1, '13:45', 158, 'J14', 'no'),
(159, 1, '13:45', 159, 'K6', 'no'),
(160, 1, '13:45', 160, 'K7', 'no'),
(161, 1, '13:45', 161, 'K8', 'no'),
(162, 1, '13:45', 162, 'K9', 'no'),
(163, 1, '13:45', 163, 'K10', 'no'),
(164, 1, '13:45', 164, 'K11', 'no'),
(165, 1, '13:45', 165, 'K12', 'no'),
(166, 1, '13:45', 166, 'K13', 'no'),
(167, 2, '15:40', 1, 'A2', 'no'),
(168, 2, '15:40', 2, 'A3', 'no'),
(169, 2, '15:40', 3, 'A4', 'no'),
(170, 2, '15:40', 4, 'A5', 'no'),
(171, 2, '15:40', 5, 'A6', 'no'),
(172, 2, '15:40', 6, 'A7', 'no'),
(173, 2, '15:40', 7, 'A8', 'no'),
(174, 2, '15:40', 8, 'A9', 'no'),
(175, 2, '15:40', 9, 'A10', 'no'),
(176, 2, '15:40', 10, 'A11', 'no'),
(177, 2, '15:40', 11, 'A12', 'no'),
(178, 2, '15:40', 12, 'A13', 'no'),
(179, 2, '15:40', 13, 'A14', 'no'),
(180, 2, '15:40', 14, 'A15', 'no'),
(181, 2, '15:40', 15, 'A16', 'no'),
(182, 2, '15:40', 16, 'A17', 'no'),
(183, 2, '15:40', 17, 'B1', 'no'),
(184, 2, '15:40', 18, 'B2', 'no'),
(185, 2, '15:40', 19, 'B3', 'no'),
(186, 2, '15:40', 20, 'B4', 'no'),
(187, 2, '15:40', 21, 'B5', 'no'),
(188, 2, '15:40', 22, 'B6', 'no'),
(189, 2, '15:40', 23, 'B7', 'no'),
(190, 2, '15:40', 24, 'B8', 'no'),
(191, 2, '15:40', 25, 'B9', 'no'),
(192, 2, '15:40', 26, 'B10', 'no'),
(193, 2, '15:40', 27, 'B11', 'no'),
(194, 2, '15:40', 28, 'B12', 'no'),
(195, 2, '15:40', 29, 'B13', 'no'),
(196, 2, '15:40', 30, 'B14', 'no'),
(197, 2, '15:40', 31, 'B15', 'no'),
(198, 2, '15:40', 32, 'B16', 'no'),
(199, 2, '15:40', 33, 'B17', 'no'),
(200, 2, '15:40', 34, 'B18', 'no'),
(201, 2, '15:40', 35, 'C1', 'no'),
(202, 2, '15:40', 36, 'C2', 'no'),
(203, 2, '15:40', 37, 'C3', 'no'),
(204, 2, '15:40', 38, 'C4', 'no'),
(205, 2, '15:40', 39, 'C5', 'no'),
(206, 2, '15:40', 40, 'C6', 'no'),
(207, 2, '15:40', 41, 'C7', 'no'),
(208, 2, '15:40', 42, 'C8', 'no'),
(209, 2, '15:40', 43, 'C9', 'no'),
(210, 2, '15:40', 44, 'C10', 'no'),
(211, 2, '15:40', 45, 'C11', 'no'),
(212, 2, '15:40', 46, 'C12', 'no'),
(213, 2, '15:40', 47, 'C13', 'no'),
(214, 2, '15:40', 48, 'C14', 'no'),
(215, 2, '15:40', 49, 'C15', 'no'),
(216, 2, '15:40', 50, 'C16', 'no'),
(217, 2, '15:40', 51, 'C17', 'no'),
(218, 2, '15:40', 52, 'C18', 'no'),
(219, 2, '15:40', 53, 'D1', 'no'),
(220, 2, '15:40', 54, 'D2', 'no'),
(221, 2, '15:40', 55, 'D3', 'no'),
(222, 2, '15:40', 56, 'D4', 'no'),
(223, 2, '15:40', 57, 'D5', 'no'),
(224, 2, '15:40', 58, 'D6', 'no'),
(225, 2, '15:40', 59, 'D7', 'no'),
(226, 2, '15:40', 60, 'D8', 'no'),
(227, 2, '15:40', 61, 'D9', 'no'),
(228, 2, '15:40', 62, 'D10', 'no'),
(229, 2, '15:40', 63, 'D11', 'no'),
(230, 2, '15:40', 64, 'D12', 'no'),
(231, 2, '15:40', 65, 'D13', 'no'),
(232, 2, '15:40', 66, 'D14', 'no'),
(233, 2, '15:40', 67, 'D15', 'no'),
(234, 2, '15:40', 68, 'D16', 'no'),
(235, 2, '15:40', 69, 'D17', 'no'),
(236, 2, '15:40', 70, 'D18', 'no'),
(237, 2, '15:40', 71, 'E1', 'no'),
(238, 2, '15:40', 72, 'E2', 'no'),
(239, 2, '15:40', 73, 'E3', 'no'),
(240, 2, '15:40', 74, 'E4', 'no'),
(241, 2, '15:40', 75, 'E5', 'no'),
(242, 2, '15:40', 76, 'E6', 'no'),
(243, 2, '15:40', 77, 'E7', 'no'),
(244, 2, '15:40', 78, 'E8', 'no'),
(245, 2, '15:40', 79, 'E9', 'no'),
(246, 2, '15:40', 80, 'E10', 'no'),
(247, 2, '15:40', 81, 'E11', 'no'),
(248, 2, '15:40', 82, 'E12', 'no'),
(249, 2, '15:40', 83, 'E13', 'no'),
(250, 2, '15:40', 84, 'E14', 'no'),
(251, 2, '15:40', 85, 'E15', 'no'),
(252, 2, '15:40', 86, 'E16', 'no'),
(253, 2, '15:40', 87, 'E17', 'no'),
(254, 2, '15:40', 88, 'E18', 'no'),
(255, 2, '15:40', 89, 'F1', 'no'),
(256, 2, '15:40', 90, 'F2', 'no'),
(257, 2, '15:40', 91, 'F3', 'no'),
(258, 2, '15:40', 92, 'F4', 'no'),
(259, 2, '15:40', 93, 'F5', 'no'),
(260, 2, '15:40', 94, 'F6', 'no'),
(261, 2, '15:40', 95, 'F7', 'no'),
(262, 2, '15:40', 96, 'F8', 'no'),
(263, 2, '15:40', 97, 'F9', 'no'),
(264, 2, '15:40', 98, 'F10', 'no'),
(265, 2, '15:40', 99, 'F11', 'no'),
(266, 2, '15:40', 100, 'F12', 'no'),
(267, 2, '15:40', 101, 'F13', 'no'),
(268, 2, '15:40', 102, 'F14', 'no'),
(269, 2, '15:40', 103, 'F15', 'no'),
(270, 2, '15:40', 104, 'F16', 'no'),
(271, 2, '15:40', 105, 'F17', 'no'),
(272, 2, '15:40', 106, 'F18', 'no'),
(273, 2, '15:40', 107, 'G1', 'no'),
(274, 2, '15:40', 108, 'G2', 'no'),
(275, 2, '15:40', 109, 'G3', 'no'),
(276, 2, '15:40', 110, 'G4', 'no'),
(277, 2, '15:40', 111, 'G5', 'no'),
(278, 2, '15:40', 112, 'G6', 'no'),
(279, 2, '15:40', 113, 'G7', 'no'),
(280, 2, '15:40', 114, 'G8', 'no'),
(281, 2, '15:40', 115, 'G9', 'no'),
(282, 2, '15:40', 116, 'G10', 'no'),
(283, 2, '15:40', 117, 'G11', 'no'),
(284, 2, '15:40', 118, 'G12', 'no'),
(285, 2, '15:40', 119, 'G13', 'no'),
(286, 2, '15:40', 120, 'G14', 'no'),
(287, 2, '15:40', 121, 'G15', 'no'),
(288, 2, '15:40', 122, 'G16', 'no'),
(289, 2, '15:40', 123, 'G17', 'no'),
(290, 2, '15:40', 124, 'G18', 'no'),
(291, 2, '15:40', 125, 'H3', 'no'),
(292, 2, '15:40', 126, 'H4', 'no'),
(293, 2, '15:40', 127, 'H5', 'no'),
(294, 2, '15:40', 128, 'H6', 'no'),
(295, 2, '15:40', 129, 'H7', 'no'),
(296, 2, '15:40', 130, 'H8', 'no'),
(297, 2, '15:40', 131, 'H9', 'no'),
(298, 2, '15:40', 132, 'H10', 'no'),
(299, 2, '15:40', 133, 'H11', 'no'),
(300, 2, '15:40', 134, 'H12', 'no'),
(301, 2, '15:40', 135, 'H13', 'no'),
(302, 2, '15:40', 136, 'H14', 'no'),
(303, 2, '15:40', 137, 'H15', 'no'),
(304, 2, '15:40', 138, 'H16', 'no'),
(305, 2, '15:40', 139, 'I5', 'no'),
(306, 2, '15:40', 140, 'I6', 'no'),
(307, 2, '15:40', 141, 'I7', 'no'),
(308, 2, '15:40', 142, 'I8', 'no'),
(309, 2, '15:40', 143, 'I9', 'no'),
(310, 2, '15:40', 144, 'I10', 'no'),
(311, 2, '15:40', 145, 'I11', 'no'),
(312, 2, '15:40', 146, 'I12', 'no'),
(313, 2, '15:40', 147, 'I13', 'no'),
(314, 2, '15:40', 148, 'I14', 'no'),
(315, 2, '15:40', 149, 'J5', 'no'),
(316, 2, '15:40', 150, 'J6', 'no'),
(317, 2, '15:40', 151, 'J7', 'no'),
(318, 2, '15:40', 152, 'J8', 'no'),
(319, 2, '15:40', 153, 'J9', 'no'),
(320, 2, '15:40', 154, 'J10', 'no'),
(321, 2, '15:40', 155, 'J11', 'no'),
(322, 2, '15:40', 156, 'J12', 'no'),
(323, 2, '15:40', 157, 'J13', 'no'),
(324, 2, '15:40', 158, 'J14', 'no'),
(325, 2, '15:40', 159, 'K6', 'no'),
(326, 2, '15:40', 160, 'K7', 'no'),
(327, 2, '15:40', 161, 'K8', 'no'),
(328, 2, '15:40', 162, 'K9', 'no'),
(329, 2, '15:40', 163, 'K10', 'no'),
(330, 2, '15:40', 164, 'K11', 'no'),
(331, 2, '15:40', 165, 'K12', 'no'),
(332, 2, '15:40', 166, 'K13', 'no'),
(333, 3, '17:45', 1, 'A2', 'no'),
(334, 3, '17:45', 2, 'A3', 'no'),
(335, 3, '17:45', 3, 'A4', 'no'),
(336, 3, '17:45', 4, 'A5', 'no'),
(337, 3, '17:45', 5, 'A6', 'no'),
(338, 3, '17:45', 6, 'A7', 'no'),
(339, 3, '17:45', 7, 'A8', 'no'),
(340, 3, '17:45', 8, 'A9', 'no'),
(341, 3, '17:45', 9, 'A10', 'no'),
(342, 3, '17:45', 10, 'A11', 'no'),
(343, 3, '17:45', 11, 'A12', 'no'),
(344, 3, '17:45', 12, 'A13', 'no'),
(345, 3, '17:45', 13, 'A14', 'no'),
(346, 3, '17:45', 14, 'A15', 'no'),
(347, 3, '17:45', 15, 'A16', 'no'),
(348, 3, '17:45', 16, 'A17', 'no'),
(349, 3, '17:45', 17, 'B1', 'no'),
(350, 3, '17:45', 18, 'B2', 'no'),
(351, 3, '17:45', 19, 'B3', 'no'),
(352, 3, '17:45', 20, 'B4', 'no'),
(353, 3, '17:45', 21, 'B5', 'no'),
(354, 3, '17:45', 22, 'B6', 'no'),
(355, 3, '17:45', 23, 'B7', 'no'),
(356, 3, '17:45', 24, 'B8', 'no'),
(357, 3, '17:45', 25, 'B9', 'no'),
(358, 3, '17:45', 26, 'B10', 'no'),
(359, 3, '17:45', 27, 'B11', 'no'),
(360, 3, '17:45', 28, 'B12', 'no'),
(361, 3, '17:45', 29, 'B13', 'no'),
(362, 3, '17:45', 30, 'B14', 'no'),
(363, 3, '17:45', 31, 'B15', 'no'),
(364, 3, '17:45', 32, 'B16', 'no'),
(365, 3, '17:45', 33, 'B17', 'no'),
(366, 3, '17:45', 34, 'B18', 'no'),
(367, 3, '17:45', 35, 'C1', 'no'),
(368, 3, '17:45', 36, 'C2', 'no'),
(369, 3, '17:45', 37, 'C3', 'no'),
(370, 3, '17:45', 38, 'C4', 'no'),
(371, 3, '17:45', 39, 'C5', 'no'),
(372, 3, '17:45', 40, 'C6', 'no'),
(373, 3, '17:45', 41, 'C7', 'no'),
(374, 3, '17:45', 42, 'C8', 'no'),
(375, 3, '17:45', 43, 'C9', 'no'),
(376, 3, '17:45', 44, 'C10', 'no'),
(377, 3, '17:45', 45, 'C11', 'no'),
(378, 3, '17:45', 46, 'C12', 'no'),
(379, 3, '17:45', 47, 'C13', 'no'),
(380, 3, '17:45', 48, 'C14', 'no'),
(381, 3, '17:45', 49, 'C15', 'no'),
(382, 3, '17:45', 50, 'C16', 'no'),
(383, 3, '17:45', 51, 'C17', 'no'),
(384, 3, '17:45', 52, 'C18', 'no'),
(385, 3, '17:45', 53, 'D1', 'no'),
(386, 3, '17:45', 54, 'D2', 'no'),
(387, 3, '17:45', 55, 'D3', 'no'),
(388, 3, '17:45', 56, 'D4', 'no'),
(389, 3, '17:45', 57, 'D5', 'no'),
(390, 3, '17:45', 58, 'D6', 'no'),
(391, 3, '17:45', 59, 'D7', 'no'),
(392, 3, '17:45', 60, 'D8', 'no'),
(393, 3, '17:45', 61, 'D9', 'no'),
(394, 3, '17:45', 62, 'D10', 'no'),
(395, 3, '17:45', 63, 'D11', 'no'),
(396, 3, '17:45', 64, 'D12', 'no'),
(397, 3, '17:45', 65, 'D13', 'no'),
(398, 3, '17:45', 66, 'D14', 'no'),
(399, 3, '17:45', 67, 'D15', 'no'),
(400, 3, '17:45', 68, 'D16', 'no'),
(401, 3, '17:45', 69, 'D17', 'no'),
(402, 3, '17:45', 70, 'D18', 'no'),
(403, 3, '17:45', 71, 'E1', 'no'),
(404, 3, '17:45', 72, 'E2', 'no'),
(405, 3, '17:45', 73, 'E3', 'no'),
(406, 3, '17:45', 74, 'E4', 'no'),
(407, 3, '17:45', 75, 'E5', 'no'),
(408, 3, '17:45', 76, 'E6', 'no'),
(409, 3, '17:45', 77, 'E7', 'no'),
(410, 3, '17:45', 78, 'E8', 'no'),
(411, 3, '17:45', 79, 'E9', 'no'),
(412, 3, '17:45', 80, 'E10', 'no'),
(413, 3, '17:45', 81, 'E11', 'no'),
(414, 3, '17:45', 82, 'E12', 'no'),
(415, 3, '17:45', 83, 'E13', 'no'),
(416, 3, '17:45', 84, 'E14', 'no'),
(417, 3, '17:45', 85, 'E15', 'no'),
(418, 3, '17:45', 86, 'E16', 'no'),
(419, 3, '17:45', 87, 'E17', 'no'),
(420, 3, '17:45', 88, 'E18', 'no'),
(421, 3, '17:45', 89, 'F1', 'no'),
(422, 3, '17:45', 90, 'F2', 'no'),
(423, 3, '17:45', 91, 'F3', 'no'),
(424, 3, '17:45', 92, 'F4', 'no'),
(425, 3, '17:45', 93, 'F5', 'no'),
(426, 3, '17:45', 94, 'F6', 'no'),
(427, 3, '17:45', 95, 'F7', 'no'),
(428, 3, '17:45', 96, 'F8', 'no'),
(429, 3, '17:45', 97, 'F9', 'no'),
(430, 3, '17:45', 98, 'F10', 'no'),
(431, 3, '17:45', 99, 'F11', 'no'),
(432, 3, '17:45', 100, 'F12', 'no'),
(433, 3, '17:45', 101, 'F13', 'no'),
(434, 3, '17:45', 102, 'F14', 'no'),
(435, 3, '17:45', 103, 'F15', 'no'),
(436, 3, '17:45', 104, 'F16', 'no'),
(437, 3, '17:45', 105, 'F17', 'no'),
(438, 3, '17:45', 106, 'F18', 'no'),
(439, 3, '17:45', 107, 'G1', 'no'),
(440, 3, '17:45', 108, 'G2', 'no'),
(441, 3, '17:45', 109, 'G3', 'no'),
(442, 3, '17:45', 110, 'G4', 'no'),
(443, 3, '17:45', 111, 'G5', 'no'),
(444, 3, '17:45', 112, 'G6', 'no'),
(445, 3, '17:45', 113, 'G7', 'no'),
(446, 3, '17:45', 114, 'G8', 'no'),
(447, 3, '17:45', 115, 'G9', 'no'),
(448, 3, '17:45', 116, 'G10', 'no'),
(449, 3, '17:45', 117, 'G11', 'no'),
(450, 3, '17:45', 118, 'G12', 'no'),
(451, 3, '17:45', 119, 'G13', 'no'),
(452, 3, '17:45', 120, 'G14', 'no'),
(453, 3, '17:45', 121, 'G15', 'no'),
(454, 3, '17:45', 122, 'G16', 'no'),
(455, 3, '17:45', 123, 'G17', 'no'),
(456, 3, '17:45', 124, 'G18', 'no'),
(457, 3, '17:45', 125, 'H3', 'no'),
(458, 3, '17:45', 126, 'H4', 'no'),
(459, 3, '17:45', 127, 'H5', 'no'),
(460, 3, '17:45', 128, 'H6', 'no'),
(461, 3, '17:45', 129, 'H7', 'no'),
(462, 3, '17:45', 130, 'H8', 'no'),
(463, 3, '17:45', 131, 'H9', 'no'),
(464, 3, '17:45', 132, 'H10', 'no'),
(465, 3, '17:45', 133, 'H11', 'no'),
(466, 3, '17:45', 134, 'H12', 'no'),
(467, 3, '17:45', 135, 'H13', 'no'),
(468, 3, '17:45', 136, 'H14', 'no'),
(469, 3, '17:45', 137, 'H15', 'no'),
(470, 3, '17:45', 138, 'H16', 'no'),
(471, 3, '17:45', 139, 'I5', 'no'),
(472, 3, '17:45', 140, 'I6', 'no'),
(473, 3, '17:45', 141, 'I7', 'no'),
(474, 3, '17:45', 142, 'I8', 'no'),
(475, 3, '17:45', 143, 'I9', 'no'),
(476, 3, '17:45', 144, 'I10', 'no'),
(477, 3, '17:45', 145, 'I11', 'no'),
(478, 3, '17:45', 146, 'I12', 'no'),
(479, 3, '17:45', 147, 'I13', 'no'),
(480, 3, '17:45', 148, 'I14', 'no'),
(481, 3, '17:45', 149, 'J5', 'no'),
(482, 3, '17:45', 150, 'J6', 'no'),
(483, 3, '17:45', 151, 'J7', 'no'),
(484, 3, '17:45', 152, 'J8', 'no'),
(485, 3, '17:45', 153, 'J9', 'no'),
(486, 3, '17:45', 154, 'J10', 'no'),
(487, 3, '17:45', 155, 'J11', 'no'),
(488, 3, '17:45', 156, 'J12', 'no'),
(489, 3, '17:45', 157, 'J13', 'no'),
(490, 3, '17:45', 158, 'J14', 'no'),
(491, 3, '17:45', 159, 'K6', 'no'),
(492, 3, '17:45', 160, 'K7', 'no'),
(493, 3, '17:45', 161, 'K8', 'no'),
(494, 3, '17:45', 162, 'K9', 'no'),
(495, 3, '17:45', 163, 'K10', 'no'),
(496, 3, '17:45', 164, 'K11', 'no'),
(497, 3, '17:45', 165, 'K12', 'no'),
(498, 3, '17:45', 166, 'K13', 'no'),
(499, 4, '19:40', 1, 'A2', 'no'),
(500, 4, '19:40', 2, 'A3', 'no'),
(501, 4, '19:40', 3, 'A4', 'no'),
(502, 4, '19:40', 4, 'A5', 'no'),
(503, 4, '19:40', 5, 'A6', 'no'),
(504, 4, '19:40', 6, 'A7', 'no'),
(505, 4, '19:40', 7, 'A8', 'no'),
(506, 4, '19:40', 8, 'A9', 'no'),
(507, 4, '19:40', 9, 'A10', 'no'),
(508, 4, '19:40', 10, 'A11', 'no'),
(509, 4, '19:40', 11, 'A12', 'no'),
(510, 4, '19:40', 12, 'A13', 'no'),
(511, 4, '19:40', 13, 'A14', 'no'),
(512, 4, '19:40', 14, 'A15', 'no'),
(513, 4, '19:40', 15, 'A16', 'no'),
(514, 4, '19:40', 16, 'A17', 'no'),
(515, 4, '19:40', 17, 'B1', 'no'),
(516, 4, '19:40', 18, 'B2', 'no'),
(517, 4, '19:40', 19, 'B3', 'no'),
(518, 4, '19:40', 20, 'B4', 'no'),
(519, 4, '19:40', 21, 'B5', 'no'),
(520, 4, '19:40', 22, 'B6', 'no'),
(521, 4, '19:40', 23, 'B7', 'no'),
(522, 4, '19:40', 24, 'B8', 'no'),
(523, 4, '19:40', 25, 'B9', 'no'),
(524, 4, '19:40', 26, 'B10', 'no'),
(525, 4, '19:40', 27, 'B11', 'no'),
(526, 4, '19:40', 28, 'B12', 'no'),
(527, 4, '19:40', 29, 'B13', 'no'),
(528, 4, '19:40', 30, 'B14', 'no'),
(529, 4, '19:40', 31, 'B15', 'no'),
(530, 4, '19:40', 32, 'B16', 'no'),
(531, 4, '19:40', 33, 'B17', 'no'),
(532, 4, '19:40', 34, 'B18', 'no'),
(533, 4, '19:40', 35, 'C1', 'no'),
(534, 4, '19:40', 36, 'C2', 'no'),
(535, 4, '19:40', 37, 'C3', 'no'),
(536, 4, '19:40', 38, 'C4', 'no'),
(537, 4, '19:40', 39, 'C5', 'no'),
(538, 4, '19:40', 40, 'C6', 'no'),
(539, 4, '19:40', 41, 'C7', 'no'),
(540, 4, '19:40', 42, 'C8', 'no'),
(541, 4, '19:40', 43, 'C9', 'no'),
(542, 4, '19:40', 44, 'C10', 'no'),
(543, 4, '19:40', 45, 'C11', 'no'),
(544, 4, '19:40', 46, 'C12', 'no'),
(545, 4, '19:40', 47, 'C13', 'no'),
(546, 4, '19:40', 48, 'C14', 'no'),
(547, 4, '19:40', 49, 'C15', 'no'),
(548, 4, '19:40', 50, 'C16', 'no'),
(549, 4, '19:40', 51, 'C17', 'no'),
(550, 4, '19:40', 52, 'C18', 'no'),
(551, 4, '19:40', 53, 'D1', 'no'),
(552, 4, '19:40', 54, 'D2', 'no'),
(553, 4, '19:40', 55, 'D3', 'no'),
(554, 4, '19:40', 56, 'D4', 'no'),
(555, 4, '19:40', 57, 'D5', 'no'),
(556, 4, '19:40', 58, 'D6', 'no'),
(557, 4, '19:40', 59, 'D7', 'no'),
(558, 4, '19:40', 60, 'D8', 'no'),
(559, 4, '19:40', 61, 'D9', 'no'),
(560, 4, '19:40', 62, 'D10', 'no'),
(561, 4, '19:40', 63, 'D11', 'no'),
(562, 4, '19:40', 64, 'D12', 'no'),
(563, 4, '19:40', 65, 'D13', 'no'),
(564, 4, '19:40', 66, 'D14', 'no'),
(565, 4, '19:40', 67, 'D15', 'no'),
(566, 4, '19:40', 68, 'D16', 'no'),
(567, 4, '19:40', 69, 'D17', 'no'),
(568, 4, '19:40', 70, 'D18', 'no'),
(569, 4, '19:40', 71, 'E1', 'no'),
(570, 4, '19:40', 72, 'E2', 'no'),
(571, 4, '19:40', 73, 'E3', 'no'),
(572, 4, '19:40', 74, 'E4', 'no'),
(573, 4, '19:40', 75, 'E5', 'no'),
(574, 4, '19:40', 76, 'E6', 'no'),
(575, 4, '19:40', 77, 'E7', 'no'),
(576, 4, '19:40', 78, 'E8', 'no'),
(577, 4, '19:40', 79, 'E9', 'no'),
(578, 4, '19:40', 80, 'E10', 'no'),
(579, 4, '19:40', 81, 'E11', 'no'),
(580, 4, '19:40', 82, 'E12', 'no'),
(581, 4, '19:40', 83, 'E13', 'no'),
(582, 4, '19:40', 84, 'E14', 'no'),
(583, 4, '19:40', 85, 'E15', 'no'),
(584, 4, '19:40', 86, 'E16', 'no'),
(585, 4, '19:40', 87, 'E17', 'no'),
(586, 4, '19:40', 88, 'E18', 'no'),
(587, 4, '19:40', 89, 'F1', 'no'),
(588, 4, '19:40', 90, 'F2', 'no'),
(589, 4, '19:40', 91, 'F3', 'no'),
(590, 4, '19:40', 92, 'F4', 'no'),
(591, 4, '19:40', 93, 'F5', 'no'),
(592, 4, '19:40', 94, 'F6', 'no'),
(593, 4, '19:40', 95, 'F7', 'no'),
(594, 4, '19:40', 96, 'F8', 'no'),
(595, 4, '19:40', 97, 'F9', 'no'),
(596, 4, '19:40', 98, 'F10', 'no'),
(597, 4, '19:40', 99, 'F11', 'no'),
(598, 4, '19:40', 100, 'F12', 'no'),
(599, 4, '19:40', 101, 'F13', 'no'),
(600, 4, '19:40', 102, 'F14', 'no'),
(601, 4, '19:40', 103, 'F15', 'no'),
(602, 4, '19:40', 104, 'F16', 'no'),
(603, 4, '19:40', 105, 'F17', 'no'),
(604, 4, '19:40', 106, 'F18', 'no'),
(605, 4, '19:40', 107, 'G1', 'no'),
(606, 4, '19:40', 108, 'G2', 'no'),
(607, 4, '19:40', 109, 'G3', 'no'),
(608, 4, '19:40', 110, 'G4', 'no'),
(609, 4, '19:40', 111, 'G5', 'no'),
(610, 4, '19:40', 112, 'G6', 'no'),
(611, 4, '19:40', 113, 'G7', 'no'),
(612, 4, '19:40', 114, 'G8', 'no'),
(613, 4, '19:40', 115, 'G9', 'no'),
(614, 4, '19:40', 116, 'G10', 'no'),
(615, 4, '19:40', 117, 'G11', 'no'),
(616, 4, '19:40', 118, 'G12', 'no'),
(617, 4, '19:40', 119, 'G13', 'no'),
(618, 4, '19:40', 120, 'G14', 'no'),
(619, 4, '19:40', 121, 'G15', 'no'),
(620, 4, '19:40', 122, 'G16', 'no'),
(621, 4, '19:40', 123, 'G17', 'no'),
(622, 4, '19:40', 124, 'G18', 'no'),
(623, 4, '19:40', 125, 'H3', 'no'),
(624, 4, '19:40', 126, 'H4', 'no'),
(625, 4, '19:40', 127, 'H5', 'no'),
(626, 4, '19:40', 128, 'H6', 'no'),
(627, 4, '19:40', 129, 'H7', 'no'),
(628, 4, '19:40', 130, 'H8', 'no'),
(629, 4, '19:40', 131, 'H9', 'no'),
(630, 4, '19:40', 132, 'H10', 'no'),
(631, 4, '19:40', 133, 'H11', 'no'),
(632, 4, '19:40', 134, 'H12', 'no'),
(633, 4, '19:40', 135, 'H13', 'no'),
(634, 4, '19:40', 136, 'H14', 'no'),
(635, 4, '19:40', 137, 'H15', 'no'),
(636, 4, '19:40', 138, 'H16', 'no'),
(637, 4, '19:40', 139, 'I5', 'no'),
(638, 4, '19:40', 140, 'I6', 'no'),
(639, 4, '19:40', 141, 'I7', 'no'),
(640, 4, '19:40', 142, 'I8', 'no'),
(641, 4, '19:40', 143, 'I9', 'no'),
(642, 4, '19:40', 144, 'I10', 'no'),
(643, 4, '19:40', 145, 'I11', 'no'),
(644, 4, '19:40', 146, 'I12', 'no'),
(645, 4, '19:40', 147, 'I13', 'no'),
(646, 4, '19:40', 148, 'I14', 'no'),
(647, 4, '19:40', 149, 'J5', 'no'),
(648, 4, '19:40', 150, 'J6', 'no'),
(649, 4, '19:40', 151, 'J7', 'no'),
(650, 4, '19:40', 152, 'J8', 'no'),
(651, 4, '19:40', 153, 'J9', 'no'),
(652, 4, '19:40', 154, 'J10', 'no'),
(653, 4, '19:40', 155, 'J11', 'no'),
(654, 4, '19:40', 156, 'J12', 'no'),
(655, 4, '19:40', 157, 'J13', 'no'),
(656, 4, '19:40', 158, 'J14', 'no'),
(657, 4, '19:40', 159, 'K6', 'no'),
(658, 4, '19:40', 160, 'K7', 'no'),
(659, 4, '19:40', 161, 'K8', 'no'),
(660, 4, '19:40', 162, 'K9', 'no'),
(661, 4, '19:40', 163, 'K10', 'no'),
(662, 4, '19:40', 164, 'K11', 'no'),
(663, 4, '19:40', 165, 'K12', 'no'),
(664, 4, '19:40', 166, 'K13', 'no'),
(665, 5, '21:45', 1, 'A2', 'no'),
(666, 5, '21:45', 2, 'A3', 'no'),
(667, 5, '21:45', 3, 'A4', 'no'),
(668, 5, '21:45', 4, 'A5', 'no'),
(669, 5, '21:45', 5, 'A6', 'no'),
(670, 5, '21:45', 6, 'A7', 'no'),
(671, 5, '21:45', 7, 'A8', 'no'),
(672, 5, '21:45', 8, 'A9', 'no'),
(673, 5, '21:45', 9, 'A10', 'no'),
(674, 5, '21:45', 10, 'A11', 'no'),
(675, 5, '21:45', 11, 'A12', 'no'),
(676, 5, '21:45', 12, 'A13', 'no'),
(677, 5, '21:45', 13, 'A14', 'no'),
(678, 5, '21:45', 14, 'A15', 'no'),
(679, 5, '21:45', 15, 'A16', 'no'),
(680, 5, '21:45', 16, 'A17', 'no'),
(681, 5, '21:45', 17, 'B1', 'no'),
(682, 5, '21:45', 18, 'B2', 'no'),
(683, 5, '21:45', 19, 'B3', 'no'),
(684, 5, '21:45', 20, 'B4', 'no'),
(685, 5, '21:45', 21, 'B5', 'no'),
(686, 5, '21:45', 22, 'B6', 'no'),
(687, 5, '21:45', 23, 'B7', 'no'),
(688, 5, '21:45', 24, 'B8', 'no'),
(689, 5, '21:45', 25, 'B9', 'no'),
(690, 5, '21:45', 26, 'B10', 'no'),
(691, 5, '21:45', 27, 'B11', 'no'),
(692, 5, '21:45', 28, 'B12', 'no'),
(693, 5, '21:45', 29, 'B13', 'no'),
(694, 5, '21:45', 30, 'B14', 'no'),
(695, 5, '21:45', 31, 'B15', 'no'),
(696, 5, '21:45', 32, 'B16', 'no'),
(697, 5, '21:45', 33, 'B17', 'no'),
(698, 5, '21:45', 34, 'B18', 'no'),
(699, 5, '21:45', 35, 'C1', 'no'),
(700, 5, '21:45', 36, 'C2', 'no'),
(701, 5, '21:45', 37, 'C3', 'no'),
(702, 5, '21:45', 38, 'C4', 'no'),
(703, 5, '21:45', 39, 'C5', 'no'),
(704, 5, '21:45', 40, 'C6', 'no'),
(705, 5, '21:45', 41, 'C7', 'no'),
(706, 5, '21:45', 42, 'C8', 'no'),
(707, 5, '21:45', 43, 'C9', 'no'),
(708, 5, '21:45', 44, 'C10', 'no'),
(709, 5, '21:45', 45, 'C11', 'no'),
(710, 5, '21:45', 46, 'C12', 'no'),
(711, 5, '21:45', 47, 'C13', 'no'),
(712, 5, '21:45', 48, 'C14', 'no'),
(713, 5, '21:45', 49, 'C15', 'no'),
(714, 5, '21:45', 50, 'C16', 'no'),
(715, 5, '21:45', 51, 'C17', 'no'),
(716, 5, '21:45', 52, 'C18', 'no'),
(717, 5, '21:45', 53, 'D1', 'no'),
(718, 5, '21:45', 54, 'D2', 'no'),
(719, 5, '21:45', 55, 'D3', 'no'),
(720, 5, '21:45', 56, 'D4', 'no'),
(721, 5, '21:45', 57, 'D5', 'no'),
(722, 5, '21:45', 58, 'D6', 'no'),
(723, 5, '21:45', 59, 'D7', 'no'),
(724, 5, '21:45', 60, 'D8', 'no'),
(725, 5, '21:45', 61, 'D9', 'no'),
(726, 5, '21:45', 62, 'D10', 'no'),
(727, 5, '21:45', 63, 'D11', 'no'),
(728, 5, '21:45', 64, 'D12', 'no'),
(729, 5, '21:45', 65, 'D13', 'no'),
(730, 5, '21:45', 66, 'D14', 'no'),
(731, 5, '21:45', 67, 'D15', 'no'),
(732, 5, '21:45', 68, 'D16', 'no'),
(733, 5, '21:45', 69, 'D17', 'no'),
(734, 5, '21:45', 70, 'D18', 'no'),
(735, 5, '21:45', 71, 'E1', 'no'),
(736, 5, '21:45', 72, 'E2', 'no'),
(737, 5, '21:45', 73, 'E3', 'no'),
(738, 5, '21:45', 74, 'E4', 'no'),
(739, 5, '21:45', 75, 'E5', 'no'),
(740, 5, '21:45', 76, 'E6', 'no'),
(741, 5, '21:45', 77, 'E7', 'no'),
(742, 5, '21:45', 78, 'E8', 'no'),
(743, 5, '21:45', 79, 'E9', 'no'),
(744, 5, '21:45', 80, 'E10', 'no'),
(745, 5, '21:45', 81, 'E11', 'no'),
(746, 5, '21:45', 82, 'E12', 'no'),
(747, 5, '21:45', 83, 'E13', 'no'),
(748, 5, '21:45', 84, 'E14', 'no'),
(749, 5, '21:45', 85, 'E15', 'no'),
(750, 5, '21:45', 86, 'E16', 'no'),
(751, 5, '21:45', 87, 'E17', 'no'),
(752, 5, '21:45', 88, 'E18', 'no'),
(753, 5, '21:45', 89, 'F1', 'no'),
(754, 5, '21:45', 90, 'F2', 'no'),
(755, 5, '21:45', 91, 'F3', 'no'),
(756, 5, '21:45', 92, 'F4', 'no'),
(757, 5, '21:45', 93, 'F5', 'no'),
(758, 5, '21:45', 94, 'F6', 'no'),
(759, 5, '21:45', 95, 'F7', 'no'),
(760, 5, '21:45', 96, 'F8', 'no'),
(761, 5, '21:45', 97, 'F9', 'no'),
(762, 5, '21:45', 98, 'F10', 'no'),
(763, 5, '21:45', 99, 'F11', 'no'),
(764, 5, '21:45', 100, 'F12', 'no'),
(765, 5, '21:45', 101, 'F13', 'no'),
(766, 5, '21:45', 102, 'F14', 'no'),
(767, 5, '21:45', 103, 'F15', 'no'),
(768, 5, '21:45', 104, 'F16', 'no'),
(769, 5, '21:45', 105, 'F17', 'no'),
(770, 5, '21:45', 106, 'F18', 'no'),
(771, 5, '21:45', 107, 'G1', 'no'),
(772, 5, '21:45', 108, 'G2', 'no'),
(773, 5, '21:45', 109, 'G3', 'no'),
(774, 5, '21:45', 110, 'G4', 'no'),
(775, 5, '21:45', 111, 'G5', 'no'),
(776, 5, '21:45', 112, 'G6', 'no'),
(777, 5, '21:45', 113, 'G7', 'no'),
(778, 5, '21:45', 114, 'G8', 'no'),
(779, 5, '21:45', 115, 'G9', 'no'),
(780, 5, '21:45', 116, 'G10', 'no'),
(781, 5, '21:45', 117, 'G11', 'no'),
(782, 5, '21:45', 118, 'G12', 'no'),
(783, 5, '21:45', 119, 'G13', 'no'),
(784, 5, '21:45', 120, 'G14', 'no'),
(785, 5, '21:45', 121, 'G15', 'no'),
(786, 5, '21:45', 122, 'G16', 'no'),
(787, 5, '21:45', 123, 'G17', 'no'),
(788, 5, '21:45', 124, 'G18', 'no'),
(789, 5, '21:45', 125, 'H3', 'no'),
(790, 5, '21:45', 126, 'H4', 'no'),
(791, 5, '21:45', 127, 'H5', 'no'),
(792, 5, '21:45', 128, 'H6', 'no'),
(793, 5, '21:45', 129, 'H7', 'no'),
(794, 5, '21:45', 130, 'H8', 'no'),
(795, 5, '21:45', 131, 'H9', 'no'),
(796, 5, '21:45', 132, 'H10', 'no'),
(797, 5, '21:45', 133, 'H11', 'no'),
(798, 5, '21:45', 134, 'H12', 'no'),
(799, 5, '21:45', 135, 'H13', 'no'),
(800, 5, '21:45', 136, 'H14', 'no'),
(801, 5, '21:45', 137, 'H15', 'no'),
(802, 5, '21:45', 138, 'H16', 'no'),
(803, 5, '21:45', 139, 'I5', 'no'),
(804, 5, '21:45', 140, 'I6', 'no'),
(805, 5, '21:45', 141, 'I7', 'no'),
(806, 5, '21:45', 142, 'I8', 'no'),
(807, 5, '21:45', 143, 'I9', 'no'),
(808, 5, '21:45', 144, 'I10', 'no'),
(809, 5, '21:45', 145, 'I11', 'no'),
(810, 5, '21:45', 146, 'I12', 'no'),
(811, 5, '21:45', 147, 'I13', 'no'),
(812, 5, '21:45', 148, 'I14', 'no'),
(813, 5, '21:45', 149, 'J5', 'no'),
(814, 5, '21:45', 150, 'J6', 'no'),
(815, 5, '21:45', 151, 'J7', 'no'),
(816, 5, '21:45', 152, 'J8', 'no'),
(817, 5, '21:45', 153, 'J9', 'no'),
(818, 5, '21:45', 154, 'J10', 'no'),
(819, 5, '21:45', 155, 'J11', 'no'),
(820, 5, '21:45', 156, 'J12', 'no'),
(821, 5, '21:45', 157, 'J13', 'no'),
(822, 5, '21:45', 158, 'J14', 'no'),
(823, 5, '21:45', 159, 'K6', 'no'),
(824, 5, '21:45', 160, 'K7', 'no'),
(825, 5, '21:45', 161, 'K8', 'no'),
(826, 5, '21:45', 162, 'K9', 'no'),
(827, 5, '21:45', 163, 'K10', 'no'),
(828, 5, '21:45', 164, 'K11', 'no'),
(829, 5, '21:45', 165, 'K12', 'no'),
(830, 5, '21:45', 166, 'K13', 'no'),
(831, 6, '23:40', 1, 'A2', 'no'),
(832, 6, '23:40', 2, 'A3', 'no'),
(833, 6, '23:40', 3, 'A4', 'no'),
(834, 6, '23:40', 4, 'A5', 'no'),
(835, 6, '23:40', 5, 'A6', 'no'),
(836, 6, '23:40', 6, 'A7', 'no'),
(837, 6, '23:40', 7, 'A8', 'no'),
(838, 6, '23:40', 8, 'A9', 'no'),
(839, 6, '23:40', 9, 'A10', 'no'),
(840, 6, '23:40', 10, 'A11', 'no'),
(841, 6, '23:40', 11, 'A12', 'no'),
(842, 6, '23:40', 12, 'A13', 'no'),
(843, 6, '23:40', 13, 'A14', 'no'),
(844, 6, '23:40', 14, 'A15', 'no'),
(845, 6, '23:40', 15, 'A16', 'no'),
(846, 6, '23:40', 16, 'A17', 'no'),
(847, 6, '23:40', 17, 'B1', 'no'),
(848, 6, '23:40', 18, 'B2', 'no'),
(849, 6, '23:40', 19, 'B3', 'no'),
(850, 6, '23:40', 20, 'B4', 'no'),
(851, 6, '23:40', 21, 'B5', 'no'),
(852, 6, '23:40', 22, 'B6', 'no'),
(853, 6, '23:40', 23, 'B7', 'no'),
(854, 6, '23:40', 24, 'B8', 'no'),
(855, 6, '23:40', 25, 'B9', 'no'),
(856, 6, '23:40', 26, 'B10', 'no'),
(857, 6, '23:40', 27, 'B11', 'no'),
(858, 6, '23:40', 28, 'B12', 'no'),
(859, 6, '23:40', 29, 'B13', 'no'),
(860, 6, '23:40', 30, 'B14', 'no'),
(861, 6, '23:40', 31, 'B15', 'no'),
(862, 6, '23:40', 32, 'B16', 'no'),
(863, 6, '23:40', 33, 'B17', 'no'),
(864, 6, '23:40', 34, 'B18', 'no'),
(865, 6, '23:40', 35, 'C1', 'no'),
(866, 6, '23:40', 36, 'C2', 'no'),
(867, 6, '23:40', 37, 'C3', 'no'),
(868, 6, '23:40', 38, 'C4', 'no'),
(869, 6, '23:40', 39, 'C5', 'no'),
(870, 6, '23:40', 40, 'C6', 'no'),
(871, 6, '23:40', 41, 'C7', 'no'),
(872, 6, '23:40', 42, 'C8', 'no'),
(873, 6, '23:40', 43, 'C9', 'no'),
(874, 6, '23:40', 44, 'C10', 'no'),
(875, 6, '23:40', 45, 'C11', 'no'),
(876, 6, '23:40', 46, 'C12', 'no'),
(877, 6, '23:40', 47, 'C13', 'no'),
(878, 6, '23:40', 48, 'C14', 'no'),
(879, 6, '23:40', 49, 'C15', 'no'),
(880, 6, '23:40', 50, 'C16', 'no'),
(881, 6, '23:40', 51, 'C17', 'no'),
(882, 6, '23:40', 52, 'C18', 'no'),
(883, 6, '23:40', 53, 'D1', 'no'),
(884, 6, '23:40', 54, 'D2', 'no'),
(885, 6, '23:40', 55, 'D3', 'no'),
(886, 6, '23:40', 56, 'D4', 'no'),
(887, 6, '23:40', 57, 'D5', 'no'),
(888, 6, '23:40', 58, 'D6', 'no'),
(889, 6, '23:40', 59, 'D7', 'no'),
(890, 6, '23:40', 60, 'D8', 'no'),
(891, 6, '23:40', 61, 'D9', 'no'),
(892, 6, '23:40', 62, 'D10', 'no'),
(893, 6, '23:40', 63, 'D11', 'no'),
(894, 6, '23:40', 64, 'D12', 'no'),
(895, 6, '23:40', 65, 'D13', 'no'),
(896, 6, '23:40', 66, 'D14', 'no'),
(897, 6, '23:40', 67, 'D15', 'no'),
(898, 6, '23:40', 68, 'D16', 'no'),
(899, 6, '23:40', 69, 'D17', 'no'),
(900, 6, '23:40', 70, 'D18', 'no'),
(901, 6, '23:40', 71, 'E1', 'no'),
(902, 6, '23:40', 72, 'E2', 'no'),
(903, 6, '23:40', 73, 'E3', 'no'),
(904, 6, '23:40', 74, 'E4', 'no'),
(905, 6, '23:40', 75, 'E5', 'no'),
(906, 6, '23:40', 76, 'E6', 'no'),
(907, 6, '23:40', 77, 'E7', 'no'),
(908, 6, '23:40', 78, 'E8', 'no'),
(909, 6, '23:40', 79, 'E9', 'no'),
(910, 6, '23:40', 80, 'E10', 'no'),
(911, 6, '23:40', 81, 'E11', 'no'),
(912, 6, '23:40', 82, 'E12', 'no'),
(913, 6, '23:40', 83, 'E13', 'no'),
(914, 6, '23:40', 84, 'E14', 'no'),
(915, 6, '23:40', 85, 'E15', 'no'),
(916, 6, '23:40', 86, 'E16', 'no'),
(917, 6, '23:40', 87, 'E17', 'no'),
(918, 6, '23:40', 88, 'E18', 'no'),
(919, 6, '23:40', 89, 'F1', 'no'),
(920, 6, '23:40', 90, 'F2', 'no'),
(921, 6, '23:40', 91, 'F3', 'no'),
(922, 6, '23:40', 92, 'F4', 'no'),
(923, 6, '23:40', 93, 'F5', 'no'),
(924, 6, '23:40', 94, 'F6', 'no'),
(925, 6, '23:40', 95, 'F7', 'no'),
(926, 6, '23:40', 96, 'F8', 'no'),
(927, 6, '23:40', 97, 'F9', 'no'),
(928, 6, '23:40', 98, 'F10', 'no'),
(929, 6, '23:40', 99, 'F11', 'no'),
(930, 6, '23:40', 100, 'F12', 'no'),
(931, 6, '23:40', 101, 'F13', 'no'),
(932, 6, '23:40', 102, 'F14', 'no'),
(933, 6, '23:40', 103, 'F15', 'no'),
(934, 6, '23:40', 104, 'F16', 'no'),
(935, 6, '23:40', 105, 'F17', 'no'),
(936, 6, '23:40', 106, 'F18', 'no'),
(937, 6, '23:40', 107, 'G1', 'no'),
(938, 6, '23:40', 108, 'G2', 'no'),
(939, 6, '23:40', 109, 'G3', 'no'),
(940, 6, '23:40', 110, 'G4', 'no'),
(941, 6, '23:40', 111, 'G5', 'no'),
(942, 6, '23:40', 112, 'G6', 'no'),
(943, 6, '23:40', 113, 'G7', 'no'),
(944, 6, '23:40', 114, 'G8', 'no'),
(945, 6, '23:40', 115, 'G9', 'no'),
(946, 6, '23:40', 116, 'G10', 'no'),
(947, 6, '23:40', 117, 'G11', 'no'),
(948, 6, '23:40', 118, 'G12', 'no'),
(949, 6, '23:40', 119, 'G13', 'no'),
(950, 6, '23:40', 120, 'G14', 'no'),
(951, 6, '23:40', 121, 'G15', 'no'),
(952, 6, '23:40', 122, 'G16', 'no'),
(953, 6, '23:40', 123, 'G17', 'no'),
(954, 6, '23:40', 124, 'G18', 'no'),
(955, 6, '23:40', 125, 'H3', 'no'),
(956, 6, '23:40', 126, 'H4', 'no'),
(957, 6, '23:40', 127, 'H5', 'no'),
(958, 6, '23:40', 128, 'H6', 'no'),
(959, 6, '23:40', 129, 'H7', 'no'),
(960, 6, '23:40', 130, 'H8', 'no'),
(961, 6, '23:40', 131, 'H9', 'no'),
(962, 6, '23:40', 132, 'H10', 'no'),
(963, 6, '23:40', 133, 'H11', 'no'),
(964, 6, '23:40', 134, 'H12', 'no'),
(965, 6, '23:40', 135, 'H13', 'no'),
(966, 6, '23:40', 136, 'H14', 'no'),
(967, 6, '23:40', 137, 'H15', 'no'),
(968, 6, '23:40', 138, 'H16', 'no'),
(969, 6, '23:40', 139, 'I5', 'no'),
(970, 6, '23:40', 140, 'I6', 'no'),
(971, 6, '23:40', 141, 'I7', 'no'),
(972, 6, '23:40', 142, 'I8', 'no'),
(973, 6, '23:40', 143, 'I9', 'no'),
(974, 6, '23:40', 144, 'I10', 'no'),
(975, 6, '23:40', 145, 'I11', 'no'),
(976, 6, '23:40', 146, 'I12', 'no'),
(977, 6, '23:40', 147, 'I13', 'no'),
(978, 6, '23:40', 148, 'I14', 'no'),
(979, 6, '23:40', 149, 'J5', 'no'),
(980, 6, '23:40', 150, 'J6', 'no'),
(981, 6, '23:40', 151, 'J7', 'no'),
(982, 6, '23:40', 152, 'J8', 'no'),
(983, 6, '23:40', 153, 'J9', 'no'),
(984, 6, '23:40', 154, 'J10', 'no'),
(985, 6, '23:40', 155, 'J11', 'no'),
(986, 6, '23:40', 156, 'J12', 'no'),
(987, 6, '23:40', 157, 'J13', 'no'),
(988, 6, '23:40', 158, 'J14', 'no'),
(989, 6, '23:40', 159, 'K6', 'no'),
(990, 6, '23:40', 160, 'K7', 'no'),
(991, 6, '23:40', 161, 'K8', 'no'),
(992, 6, '23:40', 162, 'K9', 'no'),
(993, 6, '23:40', 163, 'K10', 'no'),
(994, 6, '23:40', 164, 'K11', 'no'),
(995, 6, '23:40', 165, 'K12', 'no'),
(996, 6, '23:40', 166, 'K13', 'no');

-- --------------------------------------------------------

--
-- Table structure for table `users`
--

CREATE TABLE `users` (
  `id` int(5) NOT NULL,
  `username` varchar(50) NOT NULL,
  `first_name` varchar(50) NOT NULL,
  `last_name` varchar(50) NOT NULL,
  `email` varchar(50) NOT NULL,
  `password` varchar(250) NOT NULL,
  `ip_address` varchar(20) NOT NULL,
  `str` varchar(250) NOT NULL,
  `user_attempts` int(5) NOT NULL,
  `user_bloqued` varchar(5) NOT NULL,
  `user_deleted` varchar(5) NOT NULL,
  `user_erased` varchar(5) NOT NULL
) ENGINE=InnoDB DEFAULT CHARSET=latin1;

--
-- Dumping data for table `users`
--

INSERT INTO `users` (`id`, `username`, `first_name`, `last_name`, `email`, `password`, `ip_address`, `str`, `user_attempts`, `user_bloqued`, `user_deleted`, `user_erased`) VALUES
(14, 'test', 'Test', 'User', 'test@hotmail.com', '$2a$10$WLTV.2QPHyPELPo9M2fROOJD5zBMspvhGLov9lJMgfevknJmOYLge', '::1', '$2a$10$WLTV.2QPHyPELPo9M2fROQ==', 0, 'no', 'no', 'no');

--
-- Indexes for dumped tables
--

--
-- Indexes for table `admins`
--
ALTER TABLE `admins`
  ADD PRIMARY KEY (`id`);

--
-- Indexes for table `age_restrictions`
--
ALTER TABLE `age_restrictions`
  ADD PRIMARY KEY (`id`);

--
-- Indexes for table `countries`
--
ALTER TABLE `countries`
  ADD PRIMARY KEY (`id`);

--
-- Indexes for table `genre`
--
ALTER TABLE `genre`
  ADD PRIMARY KEY (`id`);

--
-- Indexes for table `movies`
--
ALTER TABLE `movies`
  ADD PRIMARY KEY (`id`);

--
-- Indexes for table `movie_variations`
--
ALTER TABLE `movie_variations`
  ADD PRIMARY KEY (`id`),
  ADD KEY `movies_id` (`movies_id`),
  ADD KEY `rooms_id` (`rooms_id`),
  ADD KEY `sessions_id` (`session_one_id`),
  ADD KEY `sessions_time` (`session_one_time`),
  ADD KEY `session_two_id` (`session_two_id`),
  ADD KEY `session_two_time` (`session_two_time`),
  ADD KEY `session_three_id` (`session_three_id`);

--
-- Indexes for table `rooms`
--
ALTER TABLE `rooms`
  ADD PRIMARY KEY (`id`);

--
-- Indexes for table `rooms_has_sessions`
--
ALTER TABLE `rooms_has_sessions`
  ADD PRIMARY KEY (`id`),
  ADD KEY `rooms_id` (`rooms_id`,`rooms_name`,`sessions_id`,`sessions_time`),
  ADD KEY `rooms_name` (`rooms_name`),
  ADD KEY `sessions_id` (`sessions_id`),
  ADD KEY `sessions_time` (`sessions_time`);

--
-- Indexes for table `seats`
--
ALTER TABLE `seats`
  ADD PRIMARY KEY (`id`);

--
-- Indexes for table `sessions`
--
ALTER TABLE `sessions`
  ADD PRIMARY KEY (`id`);

--
-- Indexes for table `sessions_has_seats`
--
ALTER TABLE `sessions_has_seats`
  ADD PRIMARY KEY (`id`),
  ADD KEY `sessions_id` (`sessions_id`,`seats_id`),
  ADD KEY `seats_id` (`seats_id`),
  ADD KEY `seats_id_2` (`seats_id`);

--
-- Indexes for table `users`
--
ALTER TABLE `users`
  ADD PRIMARY KEY (`id`);

--
-- AUTO_INCREMENT for dumped tables
--

--
-- AUTO_INCREMENT for table `admins`
--
ALTER TABLE `admins`
  MODIFY `id` int(5) NOT NULL AUTO_INCREMENT, AUTO_INCREMENT=2;
--
-- AUTO_INCREMENT for table `age_restrictions`
--
ALTER TABLE `age_restrictions`
  MODIFY `id` int(50) NOT NULL AUTO_INCREMENT, AUTO_INCREMENT=9;
--
-- AUTO_INCREMENT for table `countries`
--
ALTER TABLE `countries`
  MODIFY `id` int(50) NOT NULL AUTO_INCREMENT, AUTO_INCREMENT=19;
--
-- AUTO_INCREMENT for table `genre`
--
ALTER TABLE `genre`
  MODIFY `id` int(50) NOT NULL AUTO_INCREMENT, AUTO_INCREMENT=26;
--
-- AUTO_INCREMENT for table `movies`
--
ALTER TABLE `movies`
  MODIFY `id` int(50) NOT NULL AUTO_INCREMENT, AUTO_INCREMENT=2;
--
-- AUTO_INCREMENT for table `movie_variations`
--
ALTER TABLE `movie_variations`
  MODIFY `id` int(50) NOT NULL AUTO_INCREMENT, AUTO_INCREMENT=2;
--
-- AUTO_INCREMENT for table `rooms`
--
ALTER TABLE `rooms`
  MODIFY `id` int(50) NOT NULL AUTO_INCREMENT, AUTO_INCREMENT=5;
--
-- AUTO_INCREMENT for table `rooms_has_sessions`
--
ALTER TABLE `rooms_has_sessions`
  MODIFY `id` int(50) NOT NULL AUTO_INCREMENT, AUTO_INCREMENT=25;
--
-- AUTO_INCREMENT for table `seats`
--
ALTER TABLE `seats`
  MODIFY `id` int(50) NOT NULL AUTO_INCREMENT, AUTO_INCREMENT=665;
--
-- AUTO_INCREMENT for table `sessions`
--
ALTER TABLE `sessions`
  MODIFY `id` int(50) NOT NULL AUTO_INCREMENT, AUTO_INCREMENT=7;
--
-- AUTO_INCREMENT for table `sessions_has_seats`
--
ALTER TABLE `sessions_has_seats`
  MODIFY `id` int(50) NOT NULL AUTO_INCREMENT, AUTO_INCREMENT=997;
--
-- AUTO_INCREMENT for table `users`
--
ALTER TABLE `users`
  MODIFY `id` int(5) NOT NULL AUTO_INCREMENT, AUTO_INCREMENT=15;
--
-- Constraints for dumped tables
--

--
-- Constraints for table `rooms_has_sessions`
--
ALTER TABLE `rooms_has_sessions`
  ADD CONSTRAINT `rooms_has_sessions_ibfk_1` FOREIGN KEY (`rooms_id`) REFERENCES `rooms` (`id`) ON UPDATE CASCADE,
  ADD CONSTRAINT `rooms_has_sessions_ibfk_2` FOREIGN KEY (`sessions_id`) REFERENCES `sessions` (`id`) ON UPDATE CASCADE;

--
-- Constraints for table `sessions_has_seats`
--
ALTER TABLE `sessions_has_seats`
  ADD CONSTRAINT `sessions_has_seats_ibfk_1` FOREIGN KEY (`sessions_id`) REFERENCES `sessions` (`id`) ON UPDATE CASCADE,
  ADD CONSTRAINT `sessions_has_seats_ibfk_2` FOREIGN KEY (`seats_id`) REFERENCES `seats` (`id`) ON UPDATE CASCADE;

/*!40101 SET CHARACTER_SET_CLIENT=@OLD_CHARACTER_SET_CLIENT */;
/*!40101 SET CHARACTER_SET_RESULTS=@OLD_CHARACTER_SET_RESULTS */;
/*!40101 SET COLLATION_CONNECTION=@OLD_COLLATION_CONNECTION */;
